791,Laptop,New,Store,498
204,Laptop,New,Store,27
205,Laptop,New,Store,27
205,Laptop,New,Store,27
205,Laptop,New,Store,27
72,Laptop,New,Store,107
821,Laptop,New,Store,809
536,Laptop,New,Store,826
829,Laptop,New,Store,908
430,Laptop,New,Store,377
506,Laptop,New,Store,841
965,Laptop,New,Store,212
638,Laptop,New,Store,202
618,Laptop,New,Store,776
713,Laptop,New,Store,36
66,Laptop,New,Store,313
345,Laptop,New,Store,413
598,Laptop,New,Store,634
130,Laptop,New,Store,477
910,Laptop,New,Store,335
15,Laptop,New,Store,220
702,Laptop,New,Store,435
289,Laptop,New,Store,708
353,Laptop,New,Store,566
236,Laptop,New,Store,859
158,Laptop,New,Store,888
572,Laptop,New,Store,841
138,Laptop,New,Store,953
347,Laptop,New,Store,642
413,Laptop,New,Store,840
782,Laptop,New,Store,441
484,Laptop,New,Store,149
782,Laptop,New,Store,114
24,Laptop,New,Store,343
58,Laptop,New,Store,114
968,Laptop,New,Store,712
615,Laptop,New,Store,792
458,Laptop,New,Store,166
218,Laptop,New,Store,185
555,Laptop,New,Store,586
236,Laptop,New,Store,221
307,Laptop,New,Store,621
524,Laptop,New,Store,78
95,Laptop,New,Store,893
912,Laptop,New,Store,482
181,Laptop,New,Store,500
892,Laptop,New,Store,37
64,Laptop,New,Store,943
466,Laptop,New,Store,217
362,Laptop,New,Store,141
803,Laptop,New,Store,795
513,Laptop,New,Store,313
808,Laptop,New,Store,740
470,Laptop,New,Store,931
862,Laptop,New,Store,317
780,Laptop,New,Store,895
368,Laptop,New,Store,457
116,Laptop,New,Store,638
571,Laptop,New,Store,414
40,Laptop,New,Store,562
908,Laptop,New,Store,851
606,Laptop,New,Store,54
265,Laptop,New,Store,540
691,Laptop,New,Store,991
615,Laptop,New,Store,441
137,Laptop,New,Store,480
702,Laptop,New,Store,640
23,Laptop,New,Store,719
867,Laptop,New,Store,890
72,Laptop,New,Store,66
664,Laptop,New,Store,781
563,Laptop,New,Store,619
310,Laptop,New,Store,458
586,Laptop,New,Store,916
352,Laptop,New,Store,600
736,Laptop,New,Store,138
176,Laptop,New,Store,369
950,Laptop,New,Store,595
656,Laptop,New,Store,310
691,Laptop,New,Store,563
82,Laptop,New,Store,539
803,Laptop,New,Store,699
612,Laptop,New,Store,826
569,Laptop,New,Store,543
67,Laptop,New,Store,815
661,Laptop,New,Store,97
692,Laptop,New,Store,628
544,Laptop,New,Store,801
722,Laptop,New,Store,460
320,Laptop,New,Store,156
627,Laptop,New,Store,786
206,Laptop,New,Store,84
725,Laptop,New,Store,398
170,Laptop,New,Store,939
128,Laptop,New,Store,692
317,Laptop,New,Store,592
966,Laptop,New,Store,128
548,Laptop,New,Store,597
160,Laptop,New,Store,471
694,Laptop,New,Store,19
827,Laptop,New,Store,28
927,Laptop,New,Store,919
667,Laptop,New,Store,559
